"generated_id","Loyaltyvirtue","Authorityvice","Loyaltyvice","Fairnessvice","Carevirtue","Authorityvirtue","Purityvice","Purityvirtue","Carevice","Fairnessvirtue","author","date.enter","date.exit","followers","guid","date","retweets","favorites","bioname","chamber","district_code","state_abbrev","dim1","dim2","log_likelihood","geo_mean_probability","number_of_votes","number_of_errors","C114","C115","affiliation","Party","partyd","retweets_T","favorites_T"
"416155","0.173621546004956","0.13059968798429","0.0909730557354195","0.0883864113646333","0.171647423111457","0.222807545300945","-0.0144071503272786","0.133585041298717","0.121533773977535","0.0641943401455378","repcuellar","2005-01-03","","20722","682712911140110336","2016-01-01 00:00:16","2","6","CUELLAR, Henry","House","28","TX","-0.226","0.626","-85.33657","0.79253","367","42","TRUE","TRUE","D","Democratic","1","1.09861228866811","1.94591014905531"
"416156","0.247058503472923","0.171792520550058","0.160123968290647","0.202002284719041","0.247530164420838","0.21250392469201","0.105922337616595","0.129111513070954","0.265288399888081","0.169209868257383","senangusking","2013-01-03","","189370","682712996657807360","2016-01-01 00:00:37","5","10","KING, Angus Stanley, Jr.","Senate","0","ME","-0.146","-0.252","-36.43408","0.80709","170","23","TRUE","TRUE","D","Democratic","1","1.79175946922806","2.39789527279837"
"416157","0.303849898515118","0.1710536901157","0.14645925540159","0.167483286252494","0.249185413152737","0.298191946317781","0.0845798453674718","0.171978407787268","0.174610377339446","0.263874876075216","repjudychu","2009-06-14","","46099","682719103438729216","2016-01-01 00:24:53","1","3","CHU, Judy","House","27","CA","-0.504","-0.314","-20.19335","0.9456","361","9","TRUE","TRUE","D","Democratic","1","0.693147180559945","1.38629436111989"
"416158","0.237708175644035","0.242199000607091","0.169393210811069","0.282163847371153","0.26638486142926","0.349295659406782","0.180582412477539","0.259244983742178","0.298896838751664","0.301804175152875","sentedcruz","2013-01-03","","1069215","682722876705775616","2016-01-01 00:39:52","179","320","CRUZ, Rafael Edward (Ted)","Senate","0","TX","0.879","-0.397","-6.8492","0.95958","166","2","TRUE","TRUE","R","Republican","0","5.19295685089021","5.77144112313002"
"416159","0.277461788968724","0.277391801583732","0.185772185047136","0.270158331808885","0.23628454920698","0.337996658853223","0.0993640251049448","0.20341176195534","0.287424636071169","0.35953748332424","sentedcruz","2013-01-03","","1069215","682723869862461440","2016-01-01 00:43:49","223","424","CRUZ, Rafael Edward (Ted)","Senate","0","TX","0.879","-0.397","-6.8492","0.95958","166","2","TRUE","TRUE","R","Republican","0","5.41164605185504","6.05208916892442"
"416160","0.342225741199709","0.173378148984497","0.209510939398497","0.233362259665866","0.328719567440308","0.288332400142565","0.0737834002005508","0.256300089602868","0.248410520564434","0.229184501830825","repbillshuster","2001-05-15","","19872","682726889161658368","2016-01-01 00:55:49","1","4","SHUSTER, William (Bill)","House","9","PA","0.376","0.323","-25.85657","0.92994","356","10","TRUE","TRUE","R","Republican","0","0.693147180559945","1.6094379124341"
"416161","0.22462544610557","0.153122447052601","0.09509542932114","0.179802831960486","0.271139511571856","0.277371776308759","0.0392300540758041","0.225844559872825","0.244907868334747","0.184437640251319","billcassidy","2009-01-03","","37516","682727175682940928","2016-01-01 00:56:57","1","8","CASSIDY, Bill","Senate","0","LA","0.453","-0.105","-3.69664","0.97836","169","1","TRUE","TRUE","R","Republican","0","0.693147180559945","2.19722457733622"
"416163","0.159029957416612","0.216161919443097","0.169300346430356","0.149162866131876","0.164301581865896","0.263906836494629","0.028201242947283","0.115917757092261","0.16787554003167","0.153842973775421","repjeffduncan","2011-01-03","","51038","682727558492876800","2016-01-01 00:58:29","4","13","DUNCAN, Jeff","House","3","SC","0.741","-0.208","-15.191","0.95823","356","4","TRUE","TRUE","R","Republican","0","1.6094379124341","2.63905732961526"
"416164","0.269987410127236","0.201787456854412","0.209444393780882","0.259952015639703","0.223339939346101","0.260171499539105","0.0430938261581214","0.203088365744074","0.246738624907416","0.2386811861627","lutherstrange","2017-02-09","2018-01-03","10172","682728215115255808","2016-01-01 01:01:05","0","2","STRANGE, Luther  Johnson, III","Senate","0","AL","0.659","0.254","-1.12873","0.98988","111","0","FALSE","TRUE","R","Republican","0","0","1.09861228866811"
"416165","0.245107088051864","0.160352649302692","0.137104976027857","0.187784110248744","0.235638089122304","0.290343773020995","0.0700799903174142","0.2526329589266","0.249558898699648","0.157247412672147","repdonyoung","1973-03-06","","15753","682728389124448256","2016-01-01 01:01:47","1","6","YOUNG, Donald Edwin","House","1","AK","0.278","0.006","-66.43042","0.82977","356","26","TRUE","TRUE","R","Republican","0","0.693147180559945","1.94591014905531"
"416166","0.235919286885851","0.167157335163654","0.137559276027426","0.176062680539252","0.222401582170893","0.241229229477152","0.129540699818496","0.17434653142316","0.239903218812876","0.229672164752766","repjasonsmith","2013-06-04","","22399","682729776675618816","2016-01-01 01:07:17","6","4","SMITH, Jason","House","8","MO","0.605","0.169","-21.02125","0.94374","363","12","TRUE","TRUE","R","Republican","0","1.94591014905531","1.6094379124341"
"416167","0.30118957801294","0.269119693632668","0.313720875136261","0.245311556454614","0.323157510233556","0.330851908563499","0.141456946689941","0.183239280926427","0.266691723041003","0.243558681937131","repjeffduncan","2011-01-03","","51038","682729912139132928","2016-01-01 01:07:50","2","12","DUNCAN, Jeff","House","3","SC","0.741","-0.208","-15.191","0.95823","356","4","TRUE","TRUE","R","Republican","0","1.09861228866811","2.56494935746154"
"416168","0.208308991009549","0.108643841269962","0.0898346927704304","0.182319296080359","0.190139177725838","0.245439711106968","0.122789841067621","0.192476357665834","0.17804461179084","0.238053826999979","reptomreed","2010-11-02","","14584","682732163922526208","2016-01-01 01:16:47","0","0","REED, Thomas W. II","House","23","NY","0.301","0.083","-28.61016","0.92381","361","16","TRUE","TRUE","R","Republican","0","0","0"
"416170","0.277550675407261","0.21516874286651","0.19235218174993","0.159493840263162","0.198561843026388","0.295295312436238","0.0881931069531701","0.163049879612855","0.199208619718149","0.15885840098529","repedroyce","1993-01-03","","26984","682736897685340160","2016-01-01 01:35:35","2","3","ROYCE, Edward Randall","House","39","CA","0.666","-0.367","-28.54256","0.92458","364","8","TRUE","TRUE","R","Republican","0","1.09861228866811","1.38629436111989"
"416171","0.216412921460192","0.207323259002714","0.183390499326236","0.223059913360728","0.300524037349812","0.315434814358471","0.156974250423986","0.232115414641165","0.256971593758143","0.248987215623901","repadams","2014-11-04","","9346","682741872821952512","2016-01-01 01:55:21","2","0","ADAMS, Alma","House","12","NC","-0.462","0.009","-19.62187","0.94794","367","9","TRUE","TRUE","D","Democratic","1","1.09861228866811","0"
"416172","0.195537904355467","0.151361591218733","0.125167118012012","0.155604613137903","0.124323444164106","0.216350673236855","0.0720780355458668","0.124264203316127","0.2679985391847","0.16892163286909","repjeffduncan","2011-01-03","","51038","682741978962984960","2016-01-01 01:55:47","1","4","DUNCAN, Jeff","House","3","SC","0.741","-0.208","-15.191","0.95823","356","4","TRUE","TRUE","R","Republican","0","0.693147180559945","1.6094379124341"
"416174","0.299949072577108","0.190234461179853","0.151549933454358","0.180307296886472","0.284076816027494","0.315839115475175","0.114750974162945","0.293070792818586","0.259805002217635","0.189102131760839","repbost","2015-01-03","","5526","682744806771130368","2016-01-01 02:07:01","0","4","BOST, Mike","House","12","IL","0.276","0.38","-26.53657","0.93006","366","18","TRUE","TRUE","R","Republican","0","0","1.6094379124341"
"416175","0.194849160857405","0.21367990771469","0.136380916483778","0.145203943301858","0.187366688063574","0.263089870146384","0.130613843834059","0.253868662379269","0.233052845992151","0.139063581197868","repesty","2013-01-03","","21453","682746782804250624","2016-01-01 02:14:52","1","3","ESTY, Elizabeth","House","5","CT","-0.305","-0.118","-30.57066","0.91987","366","12","TRUE","TRUE","D","Democratic","1","0.693147180559945","1.38629436111989"
"416176","0.290573286299252","0.204916827252429","0.164287039867118","0.238318669200447","0.30992052308925","0.315675425428807","0.106073495796166","0.268800170051826","0.335778428689162","0.24621056287064","royblunt","1997-01-03","","78174","682746847388041216","2016-01-01 02:15:07","6","14","BLUNT, Roy","Senate","0","MO","0.431","0.288","-1.5217","0.99098","168","0","TRUE","TRUE","R","Republican","0","1.94591014905531","2.70805020110221"
"416177","0.192381066413142","0.154275442284249","0.0923642693584279","0.107915903933514","0.197088048461856","0.269085290695531","0.00543611456916538","0.209218757101972","0.167779251021847","0.112750663320824","repkevinyoder","2011-01-03","","27038","682748550862749696","2016-01-01 02:21:54","2","7","YODER, Kevin","House","3","KS","0.563","0.002","-33.03465","0.91392","367","23","TRUE","TRUE","R","Republican","0","1.09861228866811","2.07944154167984"
"416178","0.263187291939703","0.176169409073994","0.149018950848217","0.227975248967768","0.27280354735317","0.264208698345152","0.0958224706100133","0.244560607348401","0.264877564109848","0.200230205904075","repmaloney","1993-01-03","","24755","682750967595532288","2016-01-01 02:31:30","2","4","MALONEY, Carolyn Bosher","House","12","NY","-0.384","-0.284","-33.14342","0.90891","347","14","TRUE","TRUE","D","Democratic","1","1.09861228866811","1.6094379124341"
"416179","0.266258345014958","0.170204766016522","0.182380191503917","0.205434366695922","0.285934740022565","0.278858513756299","0.101917157276832","0.235605534949638","0.225223211088897","0.184693423446386","repmaloney","1993-01-03","","24755","682751232692334592","2016-01-01 02:32:33","3","11","MALONEY, Carolyn Bosher","House","12","NY","-0.384","-0.284","-33.14342","0.90891","347","14","TRUE","TRUE","D","Democratic","1","1.38629436111989","2.484906649788"
"416180","0.405791565355883","0.325440002572908","0.296045660075365","0.321559357312673","0.492762435655399","0.307028556204856","0.180625133245215","0.250288503175984","0.370704605199335","0.284835376609983","senduckworth","2013-01-03","","294169","682752025562624000","2016-01-01 02:35:42","8","10","DUCKWORTH, Tammy","Senate","0","IL","-0.3","0.06","-37.16478","0.80259","169","16","TRUE","TRUE","D","Democratic","1","2.19722457733622","2.39789527279837"
"416181","0.317525081174443","0.295471565240466","0.187386383305597","0.292089292094664","0.381325259721442","0.34238326600667","0.217150059278834","0.254860519946852","0.353566688321555","0.400303465556512","senatorcantwell","1993-01-03","","216886","682758164270301184","2016-01-01 03:00:06","13","23","CANTWELL, Maria E.","Senate","0","WA","-0.287","-0.402","-10.80989","0.93768","168","1","TRUE","TRUE","D","Democratic","1","2.63905732961526","3.17805383034795"
"416182","0.290838542081231","0.188144047848186","0.199194746396488","0.217145133745521","0.268141729556199","0.303279241019684","0.116451257620141","0.259235457258023","0.277560089830288","0.199636800947489","call_me_dutch","2003-01-03","","13288","682770158952288256","2016-01-01 03:47:45","2","3","RUPPERSBERGER, C. A. (Dutch)","House","2","MD","-0.299","0.154","-41.13786","0.89341","365","20","TRUE","TRUE","D","Democratic","1","1.09861228866811","1.38629436111989"
"416183","0.251503687079853","0.32698664969528","0.273050713915223","0.296543511807289","0.24543957625475","0.357100589400006","0.212513424837643","0.285185784213586","0.397298652215959","0.284669932026577","danarohrabacher","1989-01-03","","36272","682773045136769024","2016-01-01 03:59:13","3","2","ROHRABACHER, Dana","House","48","CA","0.628","-0.401","-47.38991","0.87437","353","16","TRUE","TRUE","R","Republican","0","1.38629436111989","1.09861228866811"
"416184","0.336946258896155","0.497559993579174","0.435621780682257","0.365089998035971","0.295940745021638","0.327764022377661","0.350583877127578","0.297868207809096","0.411551028874128","0.286222284002924","danarohrabacher","1989-01-03","","36272","682774733893537792","2016-01-01 04:05:56","0","0","ROHRABACHER, Dana","House","48","CA","0.628","-0.401","-47.38991","0.87437","353","16","TRUE","TRUE","R","Republican","0","0","0"
"416185","0.201121970692002","0.236888588194254","0.206975873865364","0.224390189749895","0.212164680204297","0.295328781155211","0.154354100666501","0.191607325356494","0.258737862317231","0.193892822847756","danarohrabacher","1989-01-03","","36272","682776077719212032","2016-01-01 04:11:16","0","0","ROHRABACHER, Dana","House","48","CA","0.628","-0.401","-47.38991","0.87437","353","16","TRUE","TRUE","R","Republican","0","0","0"
"416186","0.333815848953292","0.403248800270604","0.408946119376961","0.344525135242552","0.258971517630858","0.323222968618726","0.257289705271142","0.286445235761371","0.337217529544513","0.307068215086137","danarohrabacher","1989-01-03","","36272","682777546300207104","2016-01-01 04:17:07","0","0","ROHRABACHER, Dana","House","48","CA","0.628","-0.401","-47.38991","0.87437","353","16","TRUE","TRUE","R","Republican","0","0","0"
"416187","0.248253758641313","0.283326306274613","0.254033287857666","0.320502725215942","0.248090779634922","0.358821143639782","0.1343823940132","0.228544408743959","0.327012972641429","0.30007543248643","danarohrabacher","1989-01-03","","36272","682778070701453312","2016-01-01 04:19:12","0","0","ROHRABACHER, Dana","House","48","CA","0.628","-0.401","-47.38991","0.87437","353","16","TRUE","TRUE","R","Republican","0","0","0"
"416188","0.217818791847659","0.188420398593969","0.159263711271128","0.183269292991101","0.202988046143872","0.253415594047694","0.0403142725720892","0.16448927968426","0.190185044507081","0.183707374952583","amyklobuchar","2007-01-03","","401354","682778842818166784","2016-01-01 04:22:16","7","67","KLOBUCHAR, Amy","Senate","0","MN","-0.24","-0.176","-13.61245","0.92305","170","3","TRUE","TRUE","D","Democratic","1","2.07944154167984","4.21950770517611"
"416189","0.246656299536456","0.172363114254458","0.121612239653813","0.176071959074855","0.22283723772257","0.314217667533567","0.0491382652154192","0.256025168582735","0.242799338545559","0.203357883058602","senatorcollins","1997-01-03","","376894","682779794979819520","2016-01-01 04:26:03","9","23","COLLINS, Susan Margaret","Senate","0","ME","0.107","-0.574","-30.47974","0.83586","170","16","TRUE","TRUE","R","Republican","0","2.30258509299405","3.17805383034795"
"416190","0.177513418618737","0.165881968978378","0.15223137648843","0.157452879541586","0.151553786732091","0.208443682071605","0.105969102682974","0.24420657050252","0.278756538918035","0.188731896017973","normajtorres","2015-01-03","","11001","682787988930052096","2016-01-01 04:58:36","2","0","TORRES, Norma Judith","House","35","CA","-0.366","0.032","-26.29677","0.92993","362","13","TRUE","TRUE","D","Democratic","1","1.09861228866811","0"
"416191","0.2336277886935","0.135489587721469","0.0915281400917159","0.187847257713321","0.184749855032162","0.171931994390608","0.104756641809402","0.23034465417708","0.233903339748086","0.180585053530861","gopleader","2007-01-03","","139880","682788355407392768","2016-01-01 05:00:04","12","29","MCCARTHY, Kevin","House","23","CA","0.462","0.192","-15.70931","0.95776","364","2","TRUE","TRUE","R","Republican","0","2.56494935746154","3.40119738166216"
"416192","0.108671615199862","0.106560998089148","0.0367584727090902","0.0350541585054367","0.076287898143855","0.173561814237774","-0.059296112798981","0.0667508073738027","0.0653395603653737","0.039299172100499","repadams","2014-11-04","","9346","682788475221835776","2016-01-01 05:00:32","3","3","ADAMS, Alma","House","12","NC","-0.462","0.009","-19.62187","0.94794","367","9","TRUE","TRUE","D","Democratic","1","1.38629436111989","1.38629436111989"
"416193","0.299012535641814","0.252754084209603","0.192885797163243","0.143406920773173","0.332834128437137","0.269338906659217","0.141280629101297","0.301049892780575","0.201382396881044","0.28560679449213","nikiinthehouse","2007-10-16","","20715","682788614393036800","2016-01-01 05:01:05","1","9","TSONGAS, Nicola S. (Niki)","House","3","MA","-0.4","-0.182","-22.82667","0.93755","354","11","TRUE","TRUE","D","Democratic","1","0.693147180559945","2.30258509299405"
"416194","0.316045891276741","0.227313219027095","0.189626642684434","0.202118196663461","0.343188079182811","0.324424211723996","0.103385148883688","0.274379198718289","0.268272834249304","0.238561106219631","repmarcykaptur","1983-01-03","","15781","682788616599277568","2016-01-01 05:01:06","3","9","KAPTUR, Marcia Carolyn (Marcy)","House","9","OH","-0.35","0.118","-62.69893","0.84137","363","26","TRUE","TRUE","D","Democratic","1","1.38629436111989","2.30258509299405"
"416195","0.289894935474076","0.144523122731883","0.15940758329674","0.181613802374924","0.292298974240953","0.273171318843899","0.112629728257805","0.294085510180565","0.231991793014317","0.183809123110982","repwalberg","2007-01-03","","14552","682788654238990336","2016-01-01 05:01:15","0","3","WALBERG, Tim","House","7","MI","0.529","0.025","-24.18281","0.93623","367","17","TRUE","TRUE","R","Republican","0","0","1.38629436111989"
"416196","0.304172795053218","0.216735314232837","0.167035483103048","0.227098852249261","0.266371254026132","0.314215123343813","0.0970063368809206","0.22524809441501","0.27387855827074","0.187748790172103","repjohnlarson","1999-01-03","","21994","682788815027703808","2016-01-01 05:01:53","2","6","LARSON, John B.","House","1","CT","-0.401","-0.059","-31.41088","0.91509","354","15","TRUE","TRUE","D","Democratic","1","1.09861228866811","1.94591014905531"
"416197","0.344657321842105","0.272160007473633","0.206024419292752","0.240278395807526","0.409564735378325","0.360140821560831","0.191199882985811","0.365910389235249","0.281592314034507","0.328917906932459","repmarciafudge","2008-11-18","","30256","682788894073556992","2016-01-01 05:02:12","4","13","FUDGE, Marcia L.","House","11","OH","-0.583","0.105","-29.40283","0.92115","358","11","TRUE","TRUE","D","Democratic","1","1.6094379124341","2.63905732961526"
"416198","0.256721751386717","0.134548863284453","0.097166425722221","0.193129461883019","0.276168883302642","0.255665827383636","0.108890464271761","0.191875346565912","0.216848407673153","0.220987907611901","repgoodlatte","1993-01-03","","41922","682790876465074176","2016-01-01 05:10:05","5","8","GOODLATTE, Robert William","House","6","VA","0.493","-0.001","-19.09805","0.94916","366","5","TRUE","TRUE","R","Republican","0","1.79175946922806","2.19722457733622"
"416199","0.241468292390152","0.281115311635035","0.239578206033466","0.305389006940283","0.243508567881357","0.25535069306929","0.241789506021897","0.191529140941894","0.355937760793677","0.210371732193536","danarohrabacher","1989-01-03","","36272","682791821882298368","2016-01-01 05:13:50","0","0","ROHRABACHER, Dana","House","48","CA","0.628","-0.401","-47.38991","0.87437","353","16","TRUE","TRUE","R","Republican","0","0","0"
"416200","0.210012382254565","0.164091213693738","0.0878177818760258","0.132638286444187","0.205012688457087","0.264587378830425","-0.0125460517968124","0.187497792478158","0.192522737193467","0.150081261449901","susanwbrooks","2013-01-03","","16533","682792558360145920","2016-01-01 05:16:46","6","13","BROOKS, Susan","House","5","IN","0.381","0.314","-15.65217","0.95825","367","4","TRUE","TRUE","R","Republican","0","1.94591014905531","2.63905732961526"
"416201","0.286621526410956","0.16931992870729","0.148114580677917","0.219196935000195","0.288854674410449","0.295823873045015","0.067726582332638","0.263846429180204","0.255400415273873","0.226344153413611","repgracemeng","2013-01-03","","21287","682796235481321472","2016-01-01 05:31:22","3","8","MENG, Grace","House","6","NY","-0.382","-0.137","-25.05376","0.93295","361","9","TRUE","TRUE","D","Democratic","1","1.38629436111989","2.19722457733622"
"416202","0.0996280963115829","0.196430593634142","0.171348456068324","0.175026856766153","0.0819797048907718","0.20919778721397","0.0932057518696083","0.090653633283579","0.234515923955079","0.120431788375532","repmartharoby","2011-01-03","","28320","682798348496179200","2016-01-01 05:39:46","0","15","ROBY, Martha","House","2","AL","0.361","0.669","-13.33245","0.96442","368","2","TRUE","TRUE","R","Republican","0","0","2.77258872223978"
"416203","0.289662359969049","0.28436442274677","0.211380010140038","0.231844027959363","0.355045372087102","0.345016637441006","0.231244780100297","0.330238104996048","0.298470015597425","0.236827109240306","senatorlankford","2011-01-03","","59093","682799128573693952","2016-01-01 05:42:52","11","37","LANKFORD, James","Senate","0","OK","0.562","0.169","-3.13882","0.98171","170","2","TRUE","TRUE","R","Republican","0","2.484906649788","3.63758615972639"
"416204","0.293241458756202","0.147960728076331","0.156677453342677","0.166807996389182","0.345173081655824","0.300210067120455","0.115334271868735","0.266477126695679","0.211942904024394","0.12054839932541","congculberson","2001-01-03","","15192","682801642815787008","2016-01-01 05:52:52","3","6","CULBERSON, John","House","7","TX","0.504","0.38","-18.55119","0.95044","365","6","TRUE","TRUE","R","Republican","0","1.38629436111989","1.94591014905531"
"416205","0.183058524065826","0.168225190643213","0.100920538950589","0.115306561767181","0.150549647722852","0.260142420515872","0.0371623896819835","0.22994405001634","0.184392024625935","0.131634228009395","rodneydavis","2013-01-03","","15398","682803710385233920","2016-01-01 06:01:05","1","8","DAVIS, Rodney","House","13","IL","0.299","0.083","-25.7291","0.92628","336","14","TRUE","TRUE","R","Republican","0","0.693147180559945","2.19722457733622"
"416206","0.28121346745825","0.224612669555525","0.180240601566627","0.248711763376492","0.282205947560583","0.304703266424148","0.0905544988370884","0.219060128415869","0.289871290706071","0.228987164943115","amyklobuchar","2007-01-03","","401354","682804084047384576","2016-01-01 06:02:34","13","118","KLOBUCHAR, Amy","Senate","0","MN","-0.24","-0.176","-13.61245","0.92305","170","3","TRUE","TRUE","D","Democratic","1","2.63905732961526","4.77912349311153"
"416207","0.156545905897508","0.095252807564716","0.0528328286340685","0.063280068937732","0.127312263144991","0.206571425272434","-0.00644606883204342","0.151992140079126","0.105759764926692","0.0810903490883169","reperikpaulsen","2009-01-03","","19067","682804707253854208","2016-01-01 06:05:02","4","11","PAULSEN, Erik","House","3","MN","0.411","-0.201","-35.75984","0.9074","368","21","TRUE","TRUE","R","Republican","0","1.6094379124341","2.484906649788"
"416208","0.36956569759868","0.261170639875412","0.243067630167075","0.24654409513855","0.374309347332674","0.346561287690381","0.187206916845972","0.317775095015354","0.306856594759179","0.234819056117009","reploubarletta","2011-01-03","","21359","682809175773057024","2016-01-01 06:22:48","1","3","BARLETTA, Lou","House","11","PA","0.276","0.402","-15.54224","0.95607","346","3","TRUE","TRUE","R","Republican","0","0.693147180559945","1.38629436111989"
"416209","0.138204697992033","0.117943338491097","0.0425490868377451","0.0680476324188295","0.104350675884178","0.192995952429423","-0.0487971957511216","0.0812062139106264","0.115790176679336","0.0853335733888733","stevescalise","2008-05-03","","242918","682817142320947200","2016-01-01 06:54:27","2","2","SCALISE, Steve","House","1","LA","0.56","0.127","-7.42994","0.97106","253","2","TRUE","TRUE","R","Republican","0","1.09861228866811","1.09861228866811"
"416210","0.221181198285314","0.172089628849117","0.141469149288878","0.12839065241153","0.161408873088765","0.26573606257514","0.0497527094294209","0.240524547205728","0.159534019789904","0.13581390571241","repdelbene","2012-11-06","","22531","682817176521150464","2016-01-01 06:54:35","5","4","DelBENE, Suzan K.","House","1","WA","-0.277","-0.22","-29.09773","0.92398","368","11","TRUE","TRUE","D","Democratic","1","1.79175946922806","1.6094379124341"
"416211","0.108671615199862","0.106560998089148","0.0367584727090902","0.0350541585054367","0.076287898143855","0.173561814237774","-0.059296112798981","0.0667508073738027","0.0653395603653737","0.039299172100499","repbera","2013-01-03","","26850","682834063409950720","2016-01-01 08:01:41","3","9","BERA, Ami","House","7","CA","-0.223","-0.034","-45.49652","0.88341","367","20","TRUE","TRUE","D","Democratic","1","1.38629436111989","2.30258509299405"
"416212","0.108671615199862","0.106560998089148","0.0367584727090902","0.0350541585054367","0.076287898143855","0.173561814237774","-0.059296112798981","0.0667508073738027","0.0653395603653737","0.039299172100499","repkevinbrady","1997-01-03","","34478","682839632736841728","2016-01-01 08:23:49","5","0","BRADY, Kevin Patrick","House","8","TX","0.52","0.214","-12.81849","0.96463","356","4","TRUE","TRUE","R","Republican","0","1.79175946922806","0"
"416213","0.399805311246752","0.25581881892746","0.26538016968327","0.282457980593083","0.426666047734538","0.34624410759744","0.110678241713845","0.274578412681173","0.259049487266525","0.290798933668452","repkclark","2013-12-10","","56249","682863981954899968","2016-01-01 10:00:34","9","11","CLARK, Katherine M.","House","5","MA","-0.48","-0.479","-14.97762","0.9588","356","3","TRUE","TRUE","D","Democratic","1","2.30258509299405","2.484906649788"
"416214","0.192381066413142","0.154275442284249","0.0923642693584279","0.107915903933514","0.197088048461856","0.269085290695531","0.00543611456916538","0.209218757101972","0.167779251021847","0.112750663320824","repalexmooney","2015-01-03","","5943","682878236943081472","2016-01-01 10:57:13","0","7","MOONEY, Alex X.","House","2","WV","0.569","-0.238","-45.53368","0.88302","366","16","TRUE","TRUE","R","Republican","0","0","2.07944154167984"
"416215","0.285744402263269","0.197232171575944","0.138735151611878","0.224224149596007","0.313685194282214","0.354770308369353","0.0868084828314831","0.223608982283451","0.280089270935807","0.259217193132161","reploudermilk","2015-01-03","","9751","682882779420454912","2016-01-01 11:15:16","2","3","LOUDERMILK, Barry D.","House","11","GA","0.669","-0.077","-18.13405","0.95127","363","7","TRUE","TRUE","R","Republican","0","1.09861228866811","1.38629436111989"
"416216","0.108671615199862","0.106560998089148","0.0367584727090902","0.0350541585054367","0.076287898143855","0.173561814237774","-0.059296112798981","0.0667508073738027","0.0653395603653737","0.039299172100499","repryancostello","2015-01-03","","9577","682894070973218816","2016-01-01 12:00:08","2","3","COSTELLO, Ryan","House","6","PA","0.217","-0.038","-49.04911","0.86924","350","22","TRUE","TRUE","R","Republican","0","1.09861228866811","1.38629436111989"
"416217","0.283671119589118","0.205165201791623","0.159959931062359","0.194172389784163","0.302454899763225","0.337933598948922","0.0596348862770846","0.182766353807036","0.253657574998797","0.223157784602834","michaelcburgess","2003-01-03","","26123","682909207251714048","2016-01-01 13:00:17","4","6","BURGESS, Michael C.","House","26","TX","0.571","-0.233","-21.52265","0.94289","366","14","TRUE","TRUE","R","Republican","0","1.6094379124341","1.94591014905531"
"416218","0.28685216963343","0.227623073801683","0.230827414808962","0.251735885992099","0.251807273570685","0.33774385075062","0.120038464334843","0.268471740324507","0.282300139482153","0.229888382680761","senatortimscott","2011-01-03","","364068","682909244635529216","2016-01-01 13:00:26","20","110","SCOTT, Tim","Senate","0","SC","0.669","-0.011","-2.36931","0.98616","170","0","TRUE","TRUE","R","Republican","0","3.04452243772342","4.70953020131233"
"416219","0.119973898729385","0.110341880070013","0.0412531721646865","0.0611556525141084","0.194237417041132","0.116590362542503","-0.0608236577141342","0.0956332010581753","0.102980460612887","0.0969088716138294","repmarcykaptur","1983-01-03","","15781","682912664301928448","2016-01-01 13:14:01","8","9","KAPTUR, Marcia Carolyn (Marcy)","House","9","OH","-0.35","0.118","-62.69893","0.84137","363","26","TRUE","TRUE","D","Democratic","1","2.19722457733622","2.30258509299405"
"416220","0.286649552653206","0.180887386093503","0.161612116259506","0.214619374211633","0.247768665698822","0.323466488294082","0.064120735324611","0.212412812237358","0.267988874105382","0.206950216540458","repstefanik","2015-01-03","","15274","682913317896216576","2016-01-01 13:16:37","3","7","STEFANIK, Elise M","House","21","NY","0.214","0.049","-43.29865","0.889","368","12","TRUE","TRUE","R","Republican","0","1.38629436111989","2.07944154167984"
"416221","0.187713397520673","0.160963295572896","0.0986989475334564","0.135898964018197","0.157115886892173","0.193930533243755","0.00371509096144415","0.126790345416965","0.148671881628803","0.108279665441309","repthompson","1999-01-03","","20848","682913852523196416","2016-01-01 13:18:45","1","4","THOMPSON, Michael","House","5","CA","-0.395","0.063","-35.68871","0.90757","368","15","TRUE","TRUE","D","Democratic","1","0.693147180559945","1.6094379124341"
"416222","0.217586597285016","0.159220556177468","0.0860538467859229","0.14080377786139","0.22425780686549","0.288800483450314","0.0405769290663117","0.267752660546377","0.233399877142744","0.155574978499017","senatorhassan","2017-01-03","","139482","682916697548820480","2016-01-01 13:30:03","12","22","HASSAN, Margaret (Maggie)","Senate","0","NH","-0.26","-0.363","-12.76511","0.92766","170","6","FALSE","TRUE","D","Democratic","1","2.56494935746154","3.13549421592915"
"416223","0.245837772820672","0.168245948499692","0.123293191747965","0.151998895185786","0.195929677277156","0.250927737198561","0.0750980630880567","0.149749617247909","0.181588826683064","0.172531592534143","repgoodlatte","1993-01-03","","41922","682920224971083776","2016-01-01 13:44:04","2","3","GOODLATTE, Robert William","House","6","VA","0.493","-0.001","-19.09805","0.94916","366","5","TRUE","TRUE","R","Republican","0","1.09861228866811","1.38629436111989"
"416224","0.282787735123038","0.198105905343779","0.149408098613164","0.195475876535268","0.285963451655285","0.333094323136983","0.0471810184791082","0.20949287346397","0.230483968763363","0.226169233237078","senatorfischer","2013-01-03","","52892","682924255877566464","2016-01-01 14:00:05","3","10","FISCHER, Debra (Deb)","Senate","0","NE","0.473","0.31","-3.36817","0.98038","170","2","TRUE","TRUE","R","Republican","0","1.38629436111989","2.39789527279837"
"416225","0.406274177028038","0.322158950317714","0.222866340834724","0.232378760757715","0.437219070926183","0.385102013933971","0.194690555088421","0.358294446838626","0.229259336950239","0.400709814343876","reploisfrankel","2013-01-03","","18957","682924279852171264","2016-01-01 14:00:11","1","2","FRANKEL, Lois","House","21","FL","-0.423","-0.043","-20.28849","0.94224","341","9","TRUE","TRUE","D","Democratic","1","0.693147180559945","1.09861228866811"
"416226","0.230485053749947","0.161014716810175","0.123735643344725","0.150587495605235","0.200668225870028","0.286731331500019","0.0254658709704902","0.191640019828668","0.170175556260371","0.133595924799788","desjarlaistn04","2011-01-03","","14277","682924318150397952","2016-01-01 14:00:20","2","8","DESJARLAIS, Scott","House","4","TN","0.591","-0.12","-16.20426","0.95646","364","4","TRUE","TRUE","R","Republican","0","1.09861228866811","2.19722457733622"
"416227","0.263368039241616","0.158301758992496","0.131963808741085","0.165536189018044","0.239375212515124","0.275720317202235","0.0239374768769507","0.184082548962339","0.172393009496338","0.168945184532467","senatorshaheen","2009-01-03","","82982","682924333283426304","2016-01-01 14:00:23","3","12","SHAHEEN, Jeanne","Senate","0","NH","-0.272","-0.343","-14.05439","0.92065","170","6","TRUE","TRUE","D","Democratic","1","1.38629436111989","2.56494935746154"
"416229","0.289096904060876","0.191100605485439","0.183311040959654","0.185909107307924","0.266826004286969","0.30804765547994","0.0740344434735195","0.200226813771328","0.227791698978607","0.166194162739341","usreplong","2011-01-03","","14696","682926226110021632","2016-01-01 14:07:55","2","6","LONG, Billy","House","7","MO","0.567","0.33","-11.04266","0.96804","340","3","TRUE","TRUE","R","Republican","0","1.09861228866811","1.94591014905531"
"416230","0.233011214361468","0.242865349744106","0.226236871178153","0.233262828424737","0.239871362647496","0.237143414146504","0.22675156864526","0.258196996987797","0.26454888162234","0.211791623946047","repshimkus","1997-01-03","","26956","682926817167196160","2016-01-01 14:10:16","3","1","SHIMKUS, John M.","House","15","IL","0.373","0.133","-18.55994","0.95082","368","5","TRUE","TRUE","R","Republican","0","1.38629436111989","0.693147180559945"
"416231","0.216762440051048","0.13866344919098","0.172376171249821","0.160286218344574","0.187074997854051","0.239751202477247","0.118399265322765","0.184429977758978","0.195648796861103","0.1839743776469","sencapito","2001-01-03","","51108","682928274268237824","2016-01-01 14:16:03","2","11","CAPITO, Shelley Moore","Senate","0","WV","0.258","0.051","-9.20686","0.94636","167","3","TRUE","TRUE","R","Republican","0","1.09861228866811","2.484906649788"
"416233","0.217033440541468","0.171252160254762","0.143189185682304","0.201317754623458","0.245175824369763","0.283851299751338","0.0924837213288584","0.21462206716104","0.221117023322544","0.193976102916358","repgusbilirakis","2007-01-03","","24698","682929408156528640","2016-01-01 14:20:33","3","5","BILIRAKIS, Gus","House","12","FL","0.398","0.028","-16.48119","0.95525","360","5","TRUE","TRUE","R","Republican","0","1.38629436111989","1.79175946922806"
"416234","0.287480432014895","0.259754200986586","0.210122403357413","0.233257007813379","0.292149444634687","0.353182154982594","0.0769578820225874","0.200981713079546","0.255967101161869","0.228427929500465","austinscottga08","2011-01-03","","15875","682929522698760192","2016-01-01 14:21:01","2","5","SCOTT, Austin","House","8","GA","0.588","0.196","-20.45623","0.94593","368","6","TRUE","TRUE","R","Republican","0","1.09861228866811","1.79175946922806"
"416235","0.333791073885101","0.228281041630755","0.224044211697266","0.291350385492967","0.298613803889754","0.331164172536149","0.118842212886324","0.213032001104603","0.286608427831608","0.31230184064503","sendonnelly","2007-01-03","","88571","682930849189380096","2016-01-01 14:26:17","8","11","DONNELLY, Joe","Senate","0","IN","-0.119","0.428","-25.36291","0.8591","167","8","TRUE","TRUE","D","Democratic","1","2.19722457733622","2.484906649788"
"416236","0.221370212740288","0.184165185348924","0.115348908549103","0.169013620590363","0.191192294603353","0.212111250208758","0.149787398761237","0.194530609206365","0.204955101712664","0.180124966254784","gopleader","2007-01-03","","139880","682931729158516736","2016-01-01 14:29:47","5","2","MCCARTHY, Kevin","House","23","CA","0.462","0.192","-15.70931","0.95776","364","2","TRUE","TRUE","R","Republican","0","1.79175946922806","1.09861228866811"
"416237","0.236508870386465","0.153438080754296","0.121383555345723","0.158244196352936","0.278373858395008","0.254697707484662","0.0473386143274107","0.187691581701892","0.212902797759073","0.152956436648419","vernbuchanan","2007-01-03","","25969","682932111586816000","2016-01-01 14:31:18","4","7","BUCHANAN, Vernon G.","House","16","FL","0.359","-0.156","-22.13197","0.94037","360","7","TRUE","TRUE","R","Republican","0","1.6094379124341","2.07944154167984"
"416238","0.222301749409368","0.17722662693684","0.107826793913282","0.139722549388693","0.19189043505111","0.286125995664985","-0.00531092500343618","0.207083235435066","0.192699591802087","0.150396673940586","sengarypeters","2009-01-03","","111548","682932547878285312","2016-01-01 14:33:02","2","9","PETERS, Gary C.","Senate","0","MI","-0.233","-0.213","-28.1519","0.84487","167","8","TRUE","TRUE","D","Democratic","1","1.09861228866811","2.30258509299405"
"416239","0.200393493793248","0.0623605889221261","0.0965961052360994","0.0778392721593711","0.216662581831056","0.122532699650896","0.011077949730145","0.147890491597237","0.103637868108961","0.104503262573995","hurdonthehill","2015-01-03","","23669","682935060283011072","2016-01-01 14:43:01","1","6","HURD, William Ballard","House","23","TX","0.406","0.211","-33.77542","0.91092","362","17","TRUE","TRUE","R","Republican","0","0.693147180559945","1.94591014905531"
"416240","0.312124219645493","0.330425049970251","0.254083951979964","0.327968557408121","0.363507351409998","0.41951431671495","0.240948437676544","0.271916179121415","0.398644612112293","0.302600477636331","repalgreen","2005-01-03","","47858","682937979409666048","2016-01-01 14:54:37","1","5","GREEN, Al","House","9","TX","-0.43","0.317","-38.57496","0.89758","357","18","TRUE","TRUE","D","Democratic","1","0.693147180559945","1.79175946922806"
"416241","0.323949852822926","0.163002641604994","0.156737657473916","0.150083054898067","0.307237092218558","0.305640933707876","0.0596014979010662","0.279235017973237","0.21901436790211","0.157641839224929","repdianeblack","2011-01-03","","25359","682939144629272576","2016-01-01 14:59:15","1","6","BLACK, Diane","House","6","TN","0.577","0.233","-12.63258","0.96465","351","3","TRUE","TRUE","R","Republican","0","0.693147180559945","1.94591014905531"
"416242","0.289488825414765","0.180151955839375","0.167592836913089","0.261399439534346","0.299587501118409","0.299412565809444","0.099307886044225","0.22609608582922","0.288111641651402","0.252686429957851","sen_joemanchin","2010-11-15","","137745","682939350678552576","2016-01-01 15:00:04","3","16","MANCHIN, Joe, III","Senate","0","WV","-0.064","0.458","-32.63383","0.82534","170","17","TRUE","TRUE","D","Democratic","1","1.38629436111989","2.83321334405622"
"416243","0.108671615199862","0.106560998089148","0.0367584727090902","0.0350541585054367","0.076287898143855","0.173561814237774","-0.059296112798981","0.0667508073738027","0.0653395603653737","0.039299172100499","cathymcmorris","2005-01-03","","43365","682939367908716544","2016-01-01 15:00:08","2","7","McMORRIS RODGERS, Cathy","House","5","WA","0.427","0.153","-14.82169","0.96052","368","4","TRUE","TRUE","R","Republican","0","1.09861228866811","2.07944154167984"
"416244","0.20334740006331","0.216546248780818","0.131405673854677","0.198247089064251","0.192860612904551","0.288309971310568","0.0561365591829853","0.16418578942765","0.263767346027981","0.18600658277525","reprobinkelly","2013-04-09","","21142","682939403476414464","2016-01-01 15:00:16","3","1","KELLY, Robin L.","House","2","IL","-0.449","-0.026","-17.96517","0.95052","354","8","TRUE","TRUE","D","Democratic","1","1.38629436111989","0.693147180559945"
"416246","0.239201697043838","0.229725636576537","0.104417664972093","0.233770816254021","0.25758326950302","0.33447616070949","0.0700890445714666","0.194031487492911","0.250934982309961","0.220396969502644","senstabenow","1997-01-03","","83573","682940124594868224","2016-01-01 15:03:08","4","16","STABENOW, Deborah Ann","Senate","0","MI","-0.327","0.017","-20.38921","0.88571","168","9","TRUE","TRUE","D","Democratic","1","1.6094379124341","2.83321334405622"
"416247","0.196886665160267","0.162211287933972","0.0849506319307247","0.168674812085966","0.138718587765814","0.211008501839219","0.0649118625459276","0.193227127269835","0.205448558135364","0.163737917735488","rep_stevewomack","2011-01-03","","17088","682941611513257984","2016-01-01 15:09:03","2","2","WOMACK, Steve","House","3","AR","0.332","0.594","-16.82525","0.95531","368","4","TRUE","TRUE","R","Republican","0","1.09861228866811","1.09861228866811"
"416249","0.294891995260786","0.178077976173212","0.168211101456985","0.251282553752655","0.317256637502484","0.29754562974805","0.126353616887017","0.246357964582613","0.231576396071514","0.232540134386359","reproybalallard","1993-01-03","","20071","682942419902558208","2016-01-01 15:12:16","3","3","ROYBAL-ALLARD, Lucille","House","40","CA","-0.47","-0.202","-28.29972","0.9252","364","16","TRUE","TRUE","D","Democratic","1","1.38629436111989","1.38629436111989"
"416250","0.205162092899179","0.216352573639243","0.196256649370339","0.250630248564087","0.203871531757656","0.27472822417956","0.14898530216747","0.16651012057117","0.25527033430436","0.195363429340323","nitalowey","1989-01-03","","24352","682943292561047552","2016-01-01 15:15:44","2","3","LOWEY, Nita M.","House","17","NY","-0.389","-0.159","-21.3088","0.94314","364","9","TRUE","TRUE","D","Democratic","1","1.09861228866811","1.38629436111989"
"416251","0.265498614644895","0.156952478399216","0.181154941887041","0.20017298111148","0.308243047111458","0.245710520184657","0.114581171548929","0.256960123264944","0.238878684295807","0.185120840255006","sentoomey","1999-01-03","","108079","682947206198996992","2016-01-01 15:31:17","5","11","TOOMEY, Patrick Joseph","Senate","0","PA","0.629","-0.29","-5.26405","0.9686","165","2","TRUE","TRUE","R","Republican","0","1.79175946922806","2.484906649788"
"416252","0.217601051953984","0.111959359385908","0.0852361190247349","0.157204499665271","0.201681415623608","0.230884159057813","0.137222140691068","0.217827753249335","0.184245941263342","0.149962696017234","reppeteolson","2009-01-03","","8604","682947869087682560","2016-01-01 15:33:55","3","3","OLSON, Pete","House","22","TX","0.538","0.316","-15.12489","0.95897","361","4","TRUE","TRUE","R","Republican","0","1.38629436111989","1.38629436111989"
"416253","0.214787557111272","0.156247693061407","0.0966495594507148","0.150453774732836","0.214934977202535","0.262258743454179","0.0292537595934475","0.150881321619013","0.203259837588114","0.149414778045647","repadriansmith","2007-01-03","","9421","682949404660084736","2016-01-01 15:40:01","1","7","SMITH, Adrian","House","3","NE","0.508","0.188","-18.84884","0.94954","364","5","TRUE","TRUE","R","Republican","0","0.693147180559945","2.07944154167984"
"416254","0.305911730897841","0.235365308023711","0.181018381595705","0.237600936197311","0.32691940776246","0.386877287457081","0.0927250791089471","0.304012875961623","0.317234489414349","0.264840530478085","repstephenlynch","2001-10-16","","15898","682954469105991680","2016-01-01 16:00:08","2","4","LYNCH, Stephen F.","House","8","MA","-0.35","0.021","-38.2201","0.89927","360","22","TRUE","TRUE","D","Democratic","1","1.09861228866811","1.6094379124341"
"416255","0.244759968890438","0.223711101082261","0.188774972149801","0.234612507250027","0.261181447104941","0.340010071390794","0.0933141811763151","0.216029090716115","0.259810387607762","0.23243599875246","repbillfoster","2008-03-08","","40697","682954489800687616","2016-01-01 16:00:13","1","0","FOSTER, Bill","House","11","IL","-0.221","-0.223","-32.17805","0.91627","368","13","TRUE","TRUE","D","Democratic","1","0.693147180559945","0"
"416256","0.277607736106414","0.212116525193124","0.182322395957669","0.23228884205162","0.22694605418594","0.304350427925324","0.0516779311974637","0.186981690679101","0.263854273446315","0.228414849163082","repveasey","2013-01-03","","15634","682955115586842624","2016-01-01 16:02:42","2","2","VEASEY, Marc","House","33","TX","-0.412","0.307","-50.24992","0.87204","367","18","TRUE","TRUE","D","Democratic","1","1.09861228866811","1.09861228866811"
"416258","0.306398395456886","0.208050934082724","0.196509810853177","0.182944434974045","0.30937060355362","0.339901586158695","0.114737185416114","0.302595717340792","0.258855752704285","0.168193397700265","repstevechabot","1995-01-03","","24210","682958729550016512","2016-01-01 16:17:04","1","5","CHABOT, Steve","House","1","OH","0.583","-0.262","-13.39127","0.96426","368","1","TRUE","TRUE","R","Republican","0","0.693147180559945","1.79175946922806"
"416259","0.210690728248284","0.149432439411661","0.108444700773489","0.115005754742161","0.19349794984731","0.250331314001635","0.00938239819852586","0.147772196725998","0.161004378010524","0.0828866362007334","repmimiwalters","2015-01-03","","11536","682959770911948800","2016-01-01 16:21:12","2","6","WALTERS, Mimi","House","45","CA","0.393","0.228","-15.2969","0.95928","368","3","TRUE","TRUE","R","Republican","0","1.09861228866811","1.94591014905531"
"416260","0.175374057063235","0.178939023761764","0.087330264366436","0.214206768486471","0.176311455106963","0.261752370749303","0.118340108348915","0.181931535490416","0.267420878207875","0.196903595304495","repstevechabot","1995-01-03","","24210","682959987216224256","2016-01-01 16:22:04","9","27","CHABOT, Steve","House","1","OH","0.583","-0.262","-13.39127","0.96426","368","1","TRUE","TRUE","R","Republican","0","2.30258509299405","3.3322045101752"
"416261","0.227979286366169","0.19334149912048","0.144432782491597","0.189639149772122","0.266785489480703","0.296037841344984","0.0871947681164259","0.239247147643726","0.279597322988847","0.21842958095872","repsanfordsc","1995-01-03","","11359","682961236292550656","2016-01-01 16:27:02","2","1","SANFORD, Mark","House","1","SC","0.697","-0.717","-69.78188","0.81346","338","38","TRUE","TRUE","R","Republican","0","1.09861228866811","0.693147180559945"
"416265","0.130364087485901","0.240835199220842","0.142355865319198","0.206931137408442","0.164778762933321","0.172246072885775","0.0665319160066087","0.10373602160236","0.159067053177095","0.0616781036662572","repbilljohnson","2011-01-03","","30366","682962662699982848","2016-01-01 16:32:42","2","1","JOHNSON, Bill","House","6","OH","0.435","0.241","-24.09819","0.93628","366","18","TRUE","TRUE","R","Republican","0","1.09861228866811","0.693147180559945"
"416266","0.274971498649279","0.222773335946938","0.181075795063542","0.148589344519034","0.16004420202953","0.312987579121245","0.0684655347494202","0.197698572661356","0.12999297062411","0.271997143965477","amyklobuchar","2007-01-03","","401354","682962802537963520","2016-01-01 16:33:15","63","100","KLOBUCHAR, Amy","Senate","0","MN","-0.24","-0.176","-13.61245","0.92305","170","3","TRUE","TRUE","D","Democratic","1","4.15888308335967","4.61512051684126"
"416267","0.226995613618614","0.157742657752876","0.100125175935701","0.146496029445135","0.283479755268488","0.247999008612806","0.0464778961077492","0.172778651246671","0.176837318194291","0.148109058615473","repjohndelaney","2013-01-03","","17949","682964223492755456","2016-01-01 16:38:54","0","0","DELANEY, John","House","6","MD","-0.274","0.016","-36.8594","0.90319","362","21","TRUE","TRUE","D","Democratic","1","0","0"
"416268","0.257946315998215","0.145961243757287","0.120723964836365","0.144933894425904","0.26801538217034","0.272441862165868","0.0608735467269443","0.251794066159547","0.227475862141705","0.14429310411893","reptomgraves","2010-06-08","","17235","682965137029001216","2016-01-01 16:42:32","0","4","GRAVES, Tom","House","14","GA","0.756","-0.085","-25.79105","0.93214","367","19","TRUE","TRUE","R","Republican","0","0","1.6094379124341"
"416270","0.228547972638288","0.14238563576363","0.126230450147481","0.119231888182085","0.213222715652414","0.245515408879613","0.0403682566234568","0.180827678990456","0.157826735425289","0.114520468767996","repevanjenkins","2015-01-03","","6638","682965408622718976","2016-01-01 16:43:36","1","4","JENKINS, Evan H.","House","3","WV","0.312","0.305","-33.11942","0.91303","364","19","TRUE","TRUE","R","Republican","0","0.693147180559945","1.6094379124341"
"416271","0.184262827215889","0.238716712813268","0.128355779162699","0.244044136377939","0.212155703665078","0.260623832150288","0.0861571739096415","0.180422242246037","0.301439877404832","0.196888555430467","sendonnelly","2007-01-03","","88571","682965537123627008","2016-01-01 16:44:07","5","8","DONNELLY, Joe","Senate","0","IN","-0.119","0.428","-25.36291","0.8591","167","8","TRUE","TRUE","D","Democratic","1","1.79175946922806","2.19722457733622"
"416272","0.247611912353544","0.15942352451364","0.153941928932193","0.125888804386977","0.251415939395308","0.239706557807136","-0.00653225750774138","0.21214623596281","0.187036282934225","0.129320615610788","sendeanheller","2007-01-03","","91152","682965824521424896","2016-01-01 16:45:16","4","7","HELLER, Dean","Senate","0","NV","0.463","-0.474","-46.23496","0.75941","168","18","TRUE","TRUE","R","Republican","0","1.6094379124341","2.07944154167984"
"416273","0.267201813259604","0.170792513679332","0.111198107571328","0.125337780818163","0.27139214101785","0.27477201338463","0.07311452789793","0.257505067649551","0.200170812107086","0.143824387380907","repgregorymeeks","1998-02-03","","24266","682966376991080448","2016-01-01 16:47:27","1","1","MEEKS, Gregory W.","House","5","NY","-0.418","-0.082","-26.97975","0.92436","343","14","TRUE","TRUE","D","Democratic","1","0.693147180559945","0.693147180559945"
"416274","0.272284717129297","0.182839496409642","0.120386314320484","0.155267726144767","0.175317158628566","0.257599302810992","0.0249609125574572","0.181253664885162","0.153907263125949","0.161773091664329","reptipton","2011-01-03","","17671","682966522600411136","2016-01-01 16:48:02","0","3","TIPTON, Scott","House","3","CO","0.462","-0.041","-35.33922","0.90748","364","19","TRUE","TRUE","R","Republican","0","0","1.38629436111989"
"416275","0.184979398860186","0.116774618073531","0.0848514193995381","0.104366474174664","0.179175485697323","0.115949118833443","0.023257130777878","0.083062938326848","0.131092599292317","0.125319789828639","repterrisewell","2011-01-03","","28050","682966580335095808","2016-01-01 16:48:16","0","7","SEWELL, Terri","House","7","AL","-0.393","0.408","-28.84797","0.9234","362","9","TRUE","TRUE","D","Democratic","1","0","2.07944154167984"
"416276","0.326518586425922","0.232794223736116","0.212190441779908","0.274362110578012","0.312684365824326","0.349356413952159","0.110232604169315","0.269171038670497","0.290263021985445","0.287665050054491","repmcnerney","2007-01-03","","19104","682969247375593472","2016-01-01 16:58:52","0","1","McNERNEY, Jerry","House","9","CA","-0.258","-0.132","-27.98112","0.9264","366","11","TRUE","TRUE","D","Democratic","1","0","0.693147180559945"
"416277","0.133358388752843","0.175171965332542","0.0724869856390941","0.148630704402428","0.10696948788671","0.188921912881878","0.0523265403486822","0.107782632759174","0.171621207198459","0.142726348151605","reppittenger","2013-01-03","","12627","682969542348283904","2016-01-01 17:00:02","1","0","PITTENGER, Robert","House","9","NC","0.556","0.297","-19.50798","0.94653","355","15","TRUE","TRUE","R","Republican","0","0.693147180559945","0"
"416279","0.139380589656839","0.149229151417215","0.133981363009363","0.101254751189075","0.148604705508878","0.118388058542448","0.046035693988848","0.0624821969288027","0.278582241261291","0.0974823614832173","repjerrynadler","1992-11-03","","48712","682970107501490176","2016-01-01 17:02:17","3","1","NADLER, Jerrold Lewis","House","10","NY","-0.51","-0.501","-22.43057","0.93843","353","13","TRUE","TRUE","D","Democratic","1","1.38629436111989","0.693147180559945"
"416280","0.202948000873328","0.177090885090664","0.130459408601652","0.214867752065521","0.191841523691502","0.271891047645272","0.0436481461883466","0.129509709146245","0.250030755501669","0.1998082546508","reptedlieu","2015-01-03","","94999","682970348552339456","2016-01-01 17:03:14","1","6","LIEU, Ted","House","33","CA","-0.336","-0.411","-28.18581","0.91644","323","17","TRUE","TRUE","D","Democratic","1","0.693147180559945","1.94591014905531"
"416281","0.325756303038491","0.263977372310574","0.203731852932274","0.259187162960673","0.274632656698022","0.376343436942918","0.112315060923889","0.27545000505414","0.279221659816717","0.305635439014699","repspeier","2008-04-08","","107469","682970789243699200","2016-01-01 17:04:59","6","23","SPEIER, Karen Lorraine Jacqueline (Jackie)","House","14","CA","-0.387","-0.445","-25.15506","0.93215","358","9","TRUE","TRUE","D","Democratic","1","1.94591014905531","3.17805383034795"
"416282","0.35661075659849","0.219199636157397","0.226513526511299","0.24209722375056","0.402226006097599","0.336334856300666","0.156610508714451","0.341131625806355","0.301499720259912","0.221917862097846","stevescalise","2008-05-03","","242918","682970917740351488","2016-01-01 17:05:30","2","8","SCALISE, Steve","House","1","LA","0.56","0.127","-7.42994","0.97106","253","2","TRUE","TRUE","R","Republican","0","1.09861228866811","2.19722457733622"
"416283","0.40832591028869","0.274766197155901","0.234549144197546","0.248011050085703","0.351659965608221","0.359263828004836","0.113261395269582","0.224583708409123","0.341340448774584","0.328645933806022","repkclark","2013-12-10","","56249","682971719200555008","2016-01-01 17:08:41","13","18","CLARK, Katherine M.","House","5","MA","-0.48","-0.479","-14.97762","0.9588","356","3","TRUE","TRUE","D","Democratic","1","2.63905732961526","2.94443897916644"
"416284","0.270599161429323","0.245130937494287","0.172849707450991","0.218519479621033","0.257252893341134","0.351314311245083","0.0600670405549397","0.193420448232305","0.282561293926244","0.234303783998171","clyburn","1993-01-03","","55414","682972507356434432","2016-01-01 17:11:49","4","21","CLYBURN, James Enos","House","6","SC","-0.465","0.263","-23.69681","0.9338","346","9","TRUE","TRUE","D","Democratic","1","1.6094379124341","3.09104245335832"
"416285","0.165899494322469","0.176356300467104","0.0196941810847939","0.216834901979752","0.240272656145528","0.196163160483913","0.0795698532577816","0.156625112629953","0.177465109593889","0.221184681232191","senalexander","2003-01-03","","76088","682973322737393664","2016-01-01 17:15:03","2","6","ALEXANDER, Lamar","Senate","0","TN","0.323","-0.184","-5.2977","0.96802","163","1","TRUE","TRUE","R","Republican","0","1.09861228866811","1.94591014905531"
"416286","0.229101937708993","0.195387948251184","0.157675701783116","0.234769152831289","0.209796965092671","0.28018753220423","0.113540919551167","0.148952345534578","0.223854312549781","0.19018259408037","marshablackburn","2003-01-03","","50915","682974685689163776","2016-01-01 17:20:28","5","4","BLACKBURN, Marsha","House","7","TN","0.614","0.129","-13.88488","0.96227","361","4","TRUE","TRUE","R","Republican","0","1.79175946922806","1.6094379124341"
"416287","0.196084296830586","0.191220054779404","0.106210992553975","0.124187708572037","0.254720847217105","0.283448627566431","0.102358515867689","0.253837196631525","0.171962570459807","0.226790394460965","reproybalallard","1993-01-03","","20071","682975518686363648","2016-01-01 17:23:47","9","5","ROYBAL-ALLARD, Lucille","House","40","CA","-0.47","-0.202","-28.29972","0.9252","364","16","TRUE","TRUE","D","Democratic","1","2.30258509299405","1.79175946922806"
"416288","0.190048121046854","0.148662085408568","0.178193898418211","0.146955385339206","0.166853507358734","0.246545196229934","-0.00555748611936538","0.114029479076129","0.135036699663184","0.147389985011184","senjohnmccain","1983-01-03","","3133458","682977403614842880","2016-01-01 17:31:16","68","180","McCAIN, John Sidney, III","Senate","0","AZ","0.381","-0.624","-24.70455","0.85267","155","10","TRUE","TRUE","R","Republican","0","4.23410650459726","5.19849703126583"
"416289","0.15973389897806","0.186250623542508","0.116684693706769","0.186825145711266","0.137314249867056","0.24731286692245","0.0333154574982208","0.112410850590108","0.218402246250234","0.158609291911507","ronwyden","1981-01-03","","381761","682978565495754752","2016-01-01 17:35:53","9","18","WYDEN, Ronald Lee","Senate","0","OR","-0.314","-0.406","-26.87703","0.85297","169","11","TRUE","TRUE","D","Democratic","1","2.30258509299405","2.94443897916644"
"416290","0.150624089311961","0.129863134795824","0.0730977262915668","0.166104894492419","0.177043461497713","0.166888507689537","0.124707591271712","0.242993341848816","0.188888049312666","0.175597999822137","repjudychu","2009-06-14","","46099","682978687973748736","2016-01-01 17:36:23","3","8","CHU, Judy","House","27","CA","-0.504","-0.314","-20.19335","0.9456","361","9","TRUE","TRUE","D","Democratic","1","1.38629436111989","2.19722457733622"
"416291","0.151194393201733","0.0814995521273002","0.0649132299344924","0.159170339029828","0.177760877206853","0.161065530185727","0.0479720645875505","0.063587917909232","0.167953603848178","0.157511711870313","repesty","2013-01-03","","21453","682979627346845696","2016-01-01 17:40:06","1","2","ESTY, Elizabeth","House","5","CT","-0.305","-0.118","-30.57066","0.91987","366","12","TRUE","TRUE","D","Democratic","1","0.693147180559945","1.09861228866811"
"416292","0.348549320355198","0.248024326971363","0.209042315207629","0.232268240573776","0.372681868169839","0.330455454838708","0.129193499770949","0.255984619132807","0.271541119550005","0.314494480223742","mariodb","2003-01-03","","34060","682979638830862336","2016-01-01 17:40:09","3","4","DIAZ-BALART, Mario","House","25","FL","0.278","0.086","-39.92633","0.89638","365","16","TRUE","TRUE","R","Republican","0","1.38629436111989","1.6094379124341"
"416293","0.206626983284843","0.151517624272936","0.0753638541071202","0.133147196978363","0.224730850335482","0.27071844425825","0.0105980929477066","0.212048418930215","0.200962460034168","0.143513975891076","repleezeldin","2015-01-03","","16438","682981677296041984","2016-01-01 17:48:15","3","8","ZELDIN, Lee M","House","1","NY","0.338","-0.069","-26.38718","0.93044","366","7","TRUE","TRUE","R","Republican","0","1.38629436111989","2.19722457733622"
"416294","0.146920299848572","0.166240820450903","0.162328279278709","0.155473006813534","0.154893679479418","0.172138203767023","0.0743119797648725","0.097344699579788","0.114423498098064","0.147800127654552","jasoninthehouse","2009-01-03","2017-06-30","354368","682981777271439360","2016-01-01 17:48:39","38","21","CHAFFETZ, Jason","House","3","UT","0.647","-0.278","-10.59311","0.95867","251","5","TRUE","TRUE","R","Republican","0","3.66356164612965","3.09104245335832"
"416296","0.109105564048691","0.118673442348665","0.0588015753170222","0.0961110286855773","0.13786741474874","0.192738414812507","-0.0163292275511727","0.0954786159929979","0.157500863875643","0.0794965844540637","repvisclosky","1985-01-03","","11608","682983366019395584","2016-01-01 17:54:58","1","7","VISCLOSKY, Peter","House","1","IN","-0.402","0.249","-35.12931","0.90603","356","11","TRUE","TRUE","D","Democratic","1","0.693147180559945","2.07944154167984"
"416297","0.217792466146695","0.190098647743181","0.116416430195239","0.187127110279776","0.257923571055402","0.243266430933083","0.191372980591788","0.243931748947376","0.195784932245785","0.167619006639103","repjudychu","2009-06-14","","46099","682983559813050368","2016-01-01 17:55:44","6","8","CHU, Judy","House","27","CA","-0.504","-0.314","-20.19335","0.9456","361","9","TRUE","TRUE","D","Democratic","1","1.94591014905531","2.19722457733622"
"416298","0.135154639647591","0.239471554983994","0.166440101853586","0.257217967040861","0.161364100264243","0.193288677652152","0.0657006872890759","0.111481461216505","0.178457360342127","0.107539547943073","repdavejoyce","2013-01-03","","18142","682983897911562240","2016-01-01 17:57:05","0","2","JOYCE, David","House","14","OH","0.256","0.239","-37.03326","0.90301","363","21","TRUE","TRUE","R","Republican","0","0","1.09861228866811"
"416299","0.12529011236453","0.180814713536225","0.0809454315545278","0.216189872272579","0.127034630402515","0.218768664691872","0.126211557890024","0.124568849305901","0.23110691043292","0.208805429532654","reppittenger","2013-01-03","","12627","682984650084462592","2016-01-01 18:00:04","2","0","PITTENGER, Robert","House","9","NC","0.556","0.297","-19.50798","0.94653","355","15","TRUE","TRUE","R","Republican","0","1.09861228866811","0"
"416301","0.242635619372802","0.105276019747163","0.115842330848758","0.124062480207955","0.205159332386395","0.140317116559959","-0.00563906992478875","0.116120917861955","0.0977486730440667","0.136982467870718","sentoddyoung","2011-01-03","","34566","682985913513807872","2016-01-01 18:05:05","2","1","YOUNG, Todd","Senate","0","IN","0.489","0.058","-14.37689","0.91891","170","3","TRUE","TRUE","R","Republican","0","1.09861228866811","0.693147180559945"
"416302","0.215484575606476","0.181604974851349","0.122058221894249","0.181124379671653","0.181315201360893","0.236989299541785","0.00419451874543197","0.177602398840659","0.210751002808499","0.175420922083762","repdebdingell","2015-01-03","","32562","682986706467868672","2016-01-01 18:08:14","4","8","DINGELL, Debbie","House","12","MI","-0.445","-0.013","-17.77051","0.9521","362","10","TRUE","TRUE","D","Democratic","1","1.6094379124341","2.19722457733622"
"416304","0.384653944207175","0.233130567841862","0.200423427714055","0.22436001561448","0.462910323876057","0.316082960467938","0.198667057770649","0.318726139574733","0.299796097401478","0.338227773868479","repderekkilmer","2013-01-03","","23754","682988495837634560","2016-01-01 18:15:21","1","5","KILMER, Derek","House","6","WA","-0.3","-0.066","-29.86544","0.92205","368","18","TRUE","TRUE","D","Democratic","1","0.693147180559945","1.79175946922806"
"416305","0.0587086991793564","0.150946322977144","0.0385801972139803","0.123873576547462","0.13182079878579","0.19602112103708","0.17406978045897","0.165047096884522","0.140347798888239","0.115346079323453","repshimkus","1997-01-03","","26956","682989809648832512","2016-01-01 18:20:34","2","2","SHIMKUS, John M.","House","15","IL","0.373","0.133","-18.55994","0.95082","368","5","TRUE","TRUE","R","Republican","0","1.09861228866811","1.09861228866811"
"416306","0.312945545271409","0.265840495799059","0.182658523784305","0.188359529477259","0.323225062080799","0.326179944183304","0.122498646715211","0.274281386106459","0.203378175059105","0.267424904862916","repjeffries","2013-01-03","","42825","682990276533698560","2016-01-01 18:22:25","1","6","JEFFRIES, Hakeem","House","8","NY","-0.482","-0.088","-21.22126","0.94068","347","13","TRUE","TRUE","D","Democratic","1","0.693147180559945","1.94591014905531"
"416307","0.299661583576614","0.250888573069759","0.145236158773263","0.161443157221082","0.321609650386633","0.300775110923218","0.1043335554927","0.26526954103325","0.196248205338067","0.329409637249285","jahimes","2009-01-03","","64217","682990922427011072","2016-01-01 18:24:59","3","8","HIMES, James A.","House","4","CT","-0.242","-0.26","-40.44305","0.89402","361","16","TRUE","TRUE","D","Democratic","1","1.38629436111989","2.19722457733622"
"416308","0.341614776710367","0.331656921202697","0.285482679806873","0.328898823469498","0.237786258734657","0.428013825235144","0.25265481446538","0.363040924314178","0.352642329496194","0.386371561710753","jahimes","2009-01-03","","64217","682991316771291136","2016-01-01 18:26:33","0","0","HIMES, James A.","House","4","CT","-0.242","-0.26","-40.44305","0.89402","361","16","TRUE","TRUE","D","Democratic","1","0","0"
"416309","0.249395855061126","0.18095621591172","0.157177083385356","0.232210132778245","0.273486239949134","0.272462240311072","0.0959589650592181","0.199014933381353","0.218009599327648","0.285942000313816","usreplong","2011-01-03","","14696","682991486108045312","2016-01-01 18:27:14","1","0","LONG, Billy","House","7","MO","0.567","0.33","-11.04266","0.96804","340","3","TRUE","TRUE","R","Republican","0","0.693147180559945","0"
"416310","0.313874136199448","0.190244079449735","0.155147632897846","0.214919961550023","0.320108500438797","0.356645162767375","0.061221296166162","0.19217396782999","0.280117101044503","0.282289757206742","repjoekennedy","2013-01-03","","422519","682992738288177152","2016-01-01 18:32:12","17","28","KENNEDY, Joseph P. III","House","4","MA","-0.433","-0.127","-19.48305","0.9483","367","8","TRUE","TRUE","D","Democratic","1","2.89037175789616","3.36729582998647"
"416311","0.228547972638288","0.14238563576363","0.126230450147481","0.119231888182085","0.213222715652414","0.245515408879613","0.0403682566234568","0.180827678990456","0.157826735425289","0.114520468767996","sencorygardner","2011-01-03","","94432","682995261384216576","2016-01-01 18:42:14","8","12","GARDNER, Cory","Senate","0","CO","0.456","0.002","-7.09844","0.9591","170","2","TRUE","TRUE","R","Republican","0","2.19722457733622","2.56494935746154"
"416312","0.269507141173172","0.138403112329257","0.199471223433425","0.165089841524308","0.27529771322892","0.222011654731685","0.114085543955492","0.245108640688763","0.203217487661517","0.155490626038296","repscottperry","2013-01-03","","12844","682996739012456448","2016-01-01 18:48:06","2","4","PERRY, Scott","House","4","PA","0.649","-0.339","-25.58661","0.9323","365","15","TRUE","TRUE","R","Republican","0","1.09861228866811","1.6094379124341"
"416313","0.196111599869089","0.183883873216184","0.108335869927499","0.172388205390413","0.183489899513531","0.273205443798824","0.0200425054220126","0.1448969625934","0.235905604289242","0.159734631044663","dorismatsui","2005-03-08","","29189","682999653328097280","2016-01-01 18:59:41","3","10","MATSUI, Doris","House","6","CA","-0.435","-0.177","-29.12741","0.92123","355","19","TRUE","TRUE","D","Democratic","1","1.38629436111989","2.39789527279837"
"416314","0.291977661673438","0.223032735364611","0.147092513140935","0.189673848549402","0.332207897664807","0.316422488832099","0.147498597539686","0.2393009419709","0.187963391883547","0.242368764160697","usrepricknolan","1975-01-03","","11044","682999748609982464","2016-01-01 19:00:04","2","7","NOLAN, Richard Michael","House","8","MN","-0.371","-0.425","-49.47439","0.8716","360","24","TRUE","TRUE","D","Democratic","1","1.09861228866811","2.07944154167984"
"416315","0.253443855319093","0.263874193626559","0.220975701478029","0.268820741916027","0.207036954592687","0.234990708502039","0.166448158862562","0.185912714706552","0.177788610979415","0.237300844985433","reppittenger","2013-01-03","","12627","682999756105236480","2016-01-01 19:00:06","1","0","PITTENGER, Robert","House","9","NC","0.556","0.297","-19.50798","0.94653","355","15","TRUE","TRUE","R","Republican","0","0.693147180559945","0"
"416316","0.28076276720245","0.194664261994117","0.145229076746847","0.155025067097083","0.318802592425273","0.29819053300073","0.173921275988357","0.35662614010929","0.201544951003974","0.158412783105053","tulsipress","2013-01-03","","95480","682999771678642176","2016-01-01 19:00:09","10","32","GABBARD, Tulsi","House","2","HI","-0.28","-0.167","-46.08604","0.87663","350","18","TRUE","TRUE","D","Democratic","1","2.39789527279837","3.49650756146648"
"416317","0.201211065121505","0.235668947456164","0.13392094100719","0.281396872967969","0.233010472659185","0.202563536781111","0.159950163548469","0.168272694804375","0.389337630012695","0.172902694148781","royblunt","1997-01-03","","78174","683003015574482944","2016-01-01 19:13:03","9","9","BLUNT, Roy","Senate","0","MO","0.431","0.288","-1.5217","0.99098","168","0","TRUE","TRUE","R","Republican","0","2.30258509299405","2.30258509299405"
"416318","0.281751289676051","0.171932308959947","0.194407034626292","0.236546229381211","0.278443964295572","0.2834151326247","0.104889223841928","0.277339708328001","0.249282959928305","0.250838090350521","repdandonovan","2015-05-05","","3757","683003466848014336","2016-01-01 19:14:50","0","0","DONOVAN, Daniel M., Jr.","House","11","NY","0.228","0.131","-38.74315","0.89955","366","11","TRUE","TRUE","R","Republican","0","0","0"
"416319","0.329627512054283","0.270282091693069","0.262103603146234","0.278944776684349","0.331188672155775","0.321110786918257","0.203763018501295","0.283696392967388","0.268686584878323","0.297585787786386","reptimmurphy","2003-01-03","2017-10-21",NA,"683003961549451264","2016-01-01 19:16:48","9","16","MURPHY, Timothy","House","18","PA","0.259","0.195","-27.95236","0.92628","365","13","TRUE","TRUE","R","Republican","0","2.30258509299405","2.83321334405622"
"416320","0.247962636107912","0.168959004500731","0.158380966372258","0.203012046106778","0.242108608211383","0.273948947024394","0.0561738580507735","0.148732530916344","0.256529609412466","0.217957649832114","repdelbene","2012-11-06","","22531","683004883402768384","2016-01-01 19:20:28","0","4","DelBENE, Suzan K.","House","1","WA","-0.277","-0.22","-29.09773","0.92398","368","11","TRUE","TRUE","D","Democratic","1","0","1.6094379124341"
